{
  "visual": {
    "name": "Bar Chart",
    "displayName": "barChart",
    "guid": "PBI_CV_9894B302_1DFF_4A96_ABFE_BF8588197166",
    "visualClassName": "BarChart",
    "version": "2.5.0",
    "description": "",
    "supportUrl": "",
    "gitHubUrl": ""
  },
  "apiVersion": "2.5.0",
  "author": {
    "name": "",
    "email": ""
  },
  "assets": {
    "icon": "assets/icon.png"
  },
  "externalJS": [
    "node_modules/d3/d3.min.js"
  ],
  "style": "style/visual.less",
  "capabilities": "capabilities.json"
}
