{
  "dataRoles": [
    {
      "displayName": "Values",
      "kind": "GroupingOrMeasure",
      "name": "Values"
    }
  ],
  "dataViewMappings": [
    {
      "scriptResult": {
        "dataInput": {
          "table": {
            "rows": {
              "select": [
                {
                  "for": {
                    "in": "Values"
                  }
                }
              ],
              "dataReductionAlgorithm": {
                "top": {}
              }
            }
          }
        },
        "script": {
          "scriptProviderDefault": "R",
          "scriptOutputType": "png",
          "source": {
            "objectName": "rcv_script",
            "propertyName": "source"
          },
          "provider": {
            "objectName": "rcv_script",
            "propertyName": "provider"
          }
        }
      }
    }
  ],
  "objects": {
    "rcv_script": {
      "properties": {
        "provider": {
          "type": {
            "text": true
          }
        },
        "source": {
          "type": {
            "scripting": {
              "source": true
            }
          }
        }
      }
    }
  },
  "suppressDefaultTitle": true
}
