{
  "dataRoles": [
    {
      "displayName": "Data",
	  "description": "Not in use",
      "kind": "GroupingOrMeasure",
      "name": "dataset"
    }
  ],
  "dataViewMappings": [
    {
      "conditions": [
          { "dataset": { "max": 1000 }}
      ],
      "scriptResult": {
        "dataInput": {
          "table": {
            "rows": {
              "select": [
                { "for": { "in": "dataset" } }
              ],
              "dataReductionAlgorithm": {
                "top": { }
              }
            }
          }
        },
        "script": {
          "scriptProviderDefault": "R",
          "scriptOutputType": "html",
          "source": {
            "objectName": "rcv_script",
            "propertyName": "source"
          },
          "provider": {
            "objectName": "rcv_script",
            "propertyName": "provider"
          }
        }
      }
    }
  ],
  "objects": {
    "rcv_script": {
      "properties": {
        "provider": {
          "type": { "text": true }
        },
        "source": {
          "type": {
            "scripting": { "source": true }
          }
        }
      }
    },
    "settings_params": {
      "displayName": "Settings",
      "properties": {        
        "mytype": { 
		    "displayName": "Type", 
		    "description" : "Select one type",
          "type": {
            "enumeration": [
              {
                "displayName": "plotly1",
                "value": "plotly1"
              },
              {
                "displayName": "plotly2",
                "value": "plotly2"
              },
              {
                "displayName": "threejs1",
                "value": "threejs1"
              },
              {
                "displayName": "leaflet1",
                "value": "leaflet1"
              },
              {
                "displayName": "dygraphs1",
                "value": "dygraphs1"
              },
              {
                "displayName": "dygraphs2",
                "value": "dygraphs2"
              },
              {
                "displayName": "highcharter1",
                "value": "highcharter1"
              },
              {
                "displayName": "rbokeh1",
                "value": "rbokeh1"
              },
              {
                "displayName": "visNetwork1",
                "value": "visNetwork1"
              },
              {
                "displayName": "visNetwork2",
                "value": "visNetwork2"
              },
              {
                "displayName": "visNetwork3",
                "value": "visNetwork3"
              },
              {
                "displayName": "networkD3_1",
                "value": "networkD3_1"
              },
              {
                "displayName": "d3heatmap1",
                "value": "d3heatmap1"
              },
              {
                "displayName": "DT1",
                "value": "DT1"
              },
              {
                "displayName": "metricsgraphics1",
                "value": "metricsgraphics1"
              },
              {
                "displayName": "googleVis1",
                "value": "googleVis1"
              },
              {
                "displayName": "googleVis2",
                "value": "googleVis2"
              },
              {
                "displayName": "googleVis3",
                "value": "googleVis2"
              },
              {
                "displayName": "timevis1",
                "value": "timevis1"
              },
              {
                "displayName": "formattable1",
                "value": "formattable1"
              },
              {
                "displayName": "wordcloud2",
                "value": "wordcloud2"
              },
              {
                "displayName": "rpivotTable1",
                "value": "rpivotTable1"
              }
            ]
          }


		}   
      }
    }
  },
  "suppressDefaultTitle": true
}