{
  "cranPackages": [
    {
      "name": "scales",
      "displayName": "scales: Scale Functions for Visualization",
      "url": "https://cran.r-project.org/web/packages/scales/index.html"
    },
    {
      "name": "reshape",
      "displayName": "reshape:  lets you flexibly restructure and aggregate data",
      "url": "https://cran.r-project.org/web/packages/reshape/index.html"
    },
     {
      "name": "mgcv",
      "displayName": "mgvc:  Mixed GAM Computation ",
      "url": "https://cran.r-project.org/web/packages/mgcv/index.html"
    },
    {
      "name": "ggplot2",
      "displayName": "GG Plot 2",
      "url": "https://cran.r-project.org/web/packages/ggplot2/index.html"
    },
    {
      "name": "plotly",
      "displayName": "Plotly",
      "url": "https://cran.r-project.org/web/packages/plotly/index.html"
    },
    {
      "name": "htmlwidgets",
      "displayName": "HTML Widgets",
      "url": "https://cran.r-project.org/web/packages/htmlwidgets/index.html"
    },
    {
      "name": "XML",
      "displayName": "XML",
      "url": "https://cran.r-project.org/web/packages/XML/index.html"
    },
    {
      "name": "formattable",
      "displayName": "formattable",
      "url": "https://cran.r-project.org/web/packages/formattable/index.html"
    },
    {
      "name": "heatmaply",
      "displayName": "heatmaply",
      "url": "https://cran.r-project.org/web/packages/heatmaply/index.html"
    },
    {
      "name": "metricsgraphics",
      "displayName": "metricsgraphics",
      "url": "https://cran.r-project.org/web/packages/metricsgraphics/index.html"
    },
    {
      "name": "timevis",
      "displayName": "timevis",
      "url": "https://cran.r-project.org/web/packages/timevis/index.html"
    },
    {
      "name": "htmltools",
      "displayName": "htmltools",
      "url": "https://cran.r-project.org/web/packages/htmltools/index.html"
    },
    {
      "name": "rglwidget",
      "displayName": "rglwidget",
      "url": "https://cran.r-project.org/web/packages/rglwidget/index.html"
    },
    {
      "name": "rgl",
      "displayName": "XML",
      "url": "https://cran.r-project.org/web/packages/XML/index.html"
    },
    {
      "name": "DT",
      "displayName": "DT",
      "url": "https://cran.r-project.org/web/packages/DT/index.html"
    },
    {
      "name": "d3heatmap",
      "displayName": "d3heatmap",
      "url": "https://cran.r-project.org/web/packages/d3heatmap/index.html"
    },
    {
      "name": "networkD3",
      "displayName": "XML",
      "url": "https://cran.r-project.org/web/packages/XML/index.html"
    },
    {
      "name": "visNetwork",
      "displayName": "visNetwork",
      "url": "https://cran.r-project.org/web/packages/visNetwork/index.html"
    },
    {
      "name": "rbokeh",
      "displayName": "rbokeh",
      "url": "https://cran.r-project.org/web/packages/rbokeh/index.html"
    },
    {
      "name": "highcharter",
      "displayName": "highcharter",
      "url": "https://cran.r-project.org/web/packages/highcharter/index.html"
    },
    {
      "name": "magrittr",
      "displayName": "magrittr",
      "url": "https://cran.r-project.org/web/packages/magrittr/index.html"
    },
    {
      "name": "dygraphs",
      "displayName": "dygraphs",
      "url": "https://cran.r-project.org/web/packages/dygraphs/index.html"
    },
    {
      "name": "DiagrammeR",
      "displayName": "DiagrammeR",
      "url": "https://cran.r-project.org/web/packages/DiagrammeR/index.html"
    },
    {
      "name": "threejs",
      "displayName": "threejs",
      "url": "https://cran.r-project.org/web/packages/threejs/index.html"
    },
    {
      "name": "ggiraph",
      "displayName": "ggiraph",
      "url": "https://cran.r-project.org/web/packages/ggiraph/index.html"
    },
    {
      "name": "wordcloud2",
      "displayName": "wordcloud2",
      "url": "https://cran.r-project.org/web/packages/wordcloud2/index.html"
    },
    {
      "name": "canvasXpress",
      "displayName": "canvasXpress",
      "url": "https://cran.r-project.org/web/packages/canvasXpress/index.html"
    },
    {
      "name": "rAmCharts",
      "displayName": "rAmCharts",
      "url": "https://cran.r-project.org/web/packages/rAmCharts/index.html"
    },
    {
      "name": "rpivotTable",
      "displayName": "rpivotTable",
      "url": "https://cran.r-project.org/web/packages/rpivotTable/index.html"
    }
  ]
}