{
    "dataRoles": [
        {
            "displayName": "Dataset",
            "name": "dataset",
            "kind": "GroupingOrMeasure"
        }
    ],
    "dataViewMappings": [
        {
            "table": {
                "rows": {
                    "for": {
                        "in": "dataset"
                    },
                    "dataReductionAlgorithm": {
                        "top": { "count": 30000 }
                    }
                }
            }    
        }
    ],
    "objects": {
        "general": {
            "displayName": "General",
            "properties": {
                "formatString": {
                    "type": { "formatting": { "labelDisplayUnits": false } }
                },
                "js": {
                    "type": {
                        "text": true
                    }
                },
                "css": {
                    "type" : {
                        "text": true
                    }
                }
            }
        },
        "margin" : {
            "displayName": "Margin",
            "properties": {
                "top": {
                    "displayName": "Top",
                    "type": {
                        "numeric": true
                    }
                },
                "bottom": {
                    "displayName": "Bottom",
                    "type": {
                        "numeric": true
                    }
                },
                "left": {
                    "displayName": "Left",
                    "type": {
                        "numeric": true
                    }
                },
                "right": {
                    "displayName": "Right",
                    "type": {
                        "numeric": true
                    }
                }
            }
        },
        "colors" : {
            "displayName": "Colors",
            "properties": {
                "color1": {
                    "displayName": "Color 1",
                    "type": { "fill": { "solid": { "color": true } } }
                },
                "color2": {
                    "displayName": "Color 2",
                    "type": { "fill": { "solid": { "color": true } } }
                },
                "color3": {
                    "displayName": "Color 3",
                    "type": { "fill": { "solid": { "color": true } } }
                },
                "color4": {
                    "displayName": "Color 4",
                    "type": { "fill": { "solid": { "color": true } } }
                },
                "color5": {
                    "displayName": "Color 5",
                    "type": { "fill": { "solid": { "color": true } } }
                },
                "color6": {
                    "displayName": "Color 6",
                    "type": { "fill": { "solid": { "color": true } } }
                },
                "color7": {
                    "displayName": "Color 7",
                    "type": { "fill": { "solid": { "color": true } } }
                },
                "color8": {
                    "displayName": "Color 8",
                    "type": { "fill": { "solid": { "color": true } } }
                }
            }
        }
    },
    "advancedEditModeSupport": 2,
    "suppressDefaultTitle": true
}
