{
  "visual": {
    "name": "d3jsvisual",
    "displayName": "D3JSVisual",
    "guid": "D3JSVisual_PBI_CV_CDD143DEC3A145E7A507B562AF6CF490",
    "visualClassName": "D3JSVisual",
    "version": "1.2.0",
    "description": "",
    "supportUrl": "https://azurebi.jppp.org/power-bi-d3js-visual/",
    "gitHubUrl": "https://github.com/liprec/powerbi-d3jsvisual"
  },
  "apiVersion": "1.9.0",
  "author": {
    "name": "Jan Pieter Posthuma",
    "email": "mail@jppp.org"
  },
  "assets": {
    "icon": "assets/icon.png"
  },
  "externalJS": [
    "node_modules/jquery/dist/jquery.min.js",
    "node_modules/d3/d3.min.js",
    "node_modules/codemirror/lib/codemirror.js",
    "node_modules/codemirror/mode/javascript/javascript.js",
    "node_modules/codemirror/mode/css/css.js",
    "node_modules/codemirror/addon/dialog/dialog.js",
    "node_modules/codemirror/addon/search/search.js",
    "node_modules/codemirror/addon/search/searchcursor.js",
    "node_modules/uglify-js/lib/uglify-js.js",
    "node_modules/powerbi-visuals-utils-dataviewutils/lib/index.js",
    "node_modules/powerbi-visuals-utils-typeutils/lib/index.js",
    "node_modules/powerbi-visuals-utils-svgutils/lib/index.js",
    "node_modules/powerbi-visuals-utils-interactivityutils/lib/index.js"
  ],
  "style": "style/visual.less",
  "capabilities": "capabilities.json",
  "dependencies": "dependencies.json",
  "stringResources": []
}
