{
	"name":"MSSQLTIPS",
	"version":"1.0",
	"interface":{
		"primary":"#e0893c",
		"primaryAlt":"#6a8c99",
		"primaryAlt2":"#621013",
		"primaryAlt3":"#e40000",
		"primaryAlt4":"#e14e50",
		"primaryContrast":"#fff",

		"secondary":"#042200",
		"secondaryAlt":"#0f4400",
		"secondaryAlt2":"#155500",
		"secondaryAlt3":"#217700",
		"secondaryContrast":"#f49539",

		"neutralPrimary":"#d8edff",
		"neutralPrimaryAlt":"#c9e6ff",
		"neutralPrimaryAlt2":"#aedaff",
		"neutralPrimaryAlt3":"#88c8ff",
		"neutralPrimaryContrast":"#0a2b4c",

		"neutralSecondary":"#e9d8eb",
		"neutralSecondaryAlt":"#d9badc",
		"neutralSecondaryAlt2":"#b06cb5",
		"neutralSecondaryAlt3":"#a75bac",
		"neutralSecondaryContrast":"#250a26",

		"neutralTertiary":"#f79220",
		"neutralTertiaryAlt":"#f8a54b",
		"neutralTertiaryAlt2":"#facc9b",
		"neutralTertiaryAlt3":"#fce3c7",
		"neutralTertiaryContrast":"#391d00",

		"danger":"#ff0000",
		"success":"#00ff00",
		"warning":"#ff8800",
		"info":"#00ff",
		"dangerContrast":"#fff",
		"successContrast":"#fff",
		"warningContrast":"#fff",
		"infoContrast":"#fff",

		"kpiGood":"#321e94",
		"kpiBad":"#883a30",
		"kpiNeutral":"#d9b42c",
		"kpiNone":"#333",
		"kpiGoodContrast":"#fff",
		"kpiBadContrast":"#fff",
		"kpiNeutralContrast":"#fff",
		"kpiNoneContrast":"#fff"
	},
	"theme":{
		"dataPoints":[
			"#0072c6",
			"#f68c1f",
			"#269657",
			"#dd5900",
			"#5b3573",
			"#22bdef",
			"#b4009e",
			"#008274",
			"#fdc336",
			"#ea3c00",
			"#00188f",
			"#9f9f9f"
		],

		"good":"#85ba00",
		"bad":"#e90000",
		"neutral":"#edb327",
		"none":"#333",

		"background":"#fff",
		"foreground":"#222",
		"mapBase":"#00aeef",
		"panelBackground":"#f6f6f6",
		"panelForeground":"#222",
		"panelAccent":"#00aeef",
		"tableAccent":"#00aeef",

		"altBackground":"#f6f6f6",
		"altForeground":"#000",
		"altMapBase":"#f68c1f",
		"altPanelBackground":"#235378",
		"altPanelForeground":"#fff",
		"altPanelAccent":"#fdc336",
		"altTableAccent":"#fdc336"
	}
}